Fullname,Course,Score,Experience,StudyMode,StudyPattern
Ashley Harris,Doctor of Pharmacy (Pharm.D.),96,nutrition,,FT
Maria Harris,Master of Health Administration (M.H.A.),77,surgery,,FT
Thomas Boyer,Bachelor of Science in Biomedical Science (B.S.),86,immunology,online,
Holly Friedman,Bachelor of Science in Nursing (B.S.N.),82,physiotherapy,online,
Rebecca Cook DVM,Doctor of Pharmacy (Pharm.D.),63,nursing,,
Amy Tucker,Doctor of Dental Surgery (D.D.S.),62,physiotherapy,,FT
John Young PhD,Doctor of Dental Medicine (D.M.D.),100,nutrition,online,
James Scott,Doctor of Medicine (M.D.),73,nursing,campus,PT
Jeffrey Miles,Doctor of Dental Surgery (D.D.S.),92,surgery,campus,
Andrew Green,Doctor of Medicine (M.D.),73,nursing,campus,FT
Stephanie Warner,Doctor of Dental Surgery (D.D.S.),78,physiotherapy,online,
Marie Mcintyre,Doctor of Dental Surgery (D.D.S.),69,surgery,online,PT
Melanie Silva,Doctor of Veterinary Medicine (D.V.M.),60,nursing,online,FT
Jaime Lopez,Doctor of Dental Medicine (D.M.D.),58,immunology,online,
Reginald Owens,Doctor of Osteopathic Medicine (D.O.),60,physiotherapy,campus,FT
Amber Blair,Master of Health Administration (M.H.A.),93,surgery,,
James Ramsey,Doctor of Optometry (O.D.),56,nursing,,
Theresa Robinson,Doctor of Dental Surgery (D.D.S.),85,dentistry,,PT
Elizabeth White,Bachelor of Science in Nursing (B.S.N.),60,physiotherapy,online,FT
Timothy Rodriguez,Doctor of Optometry (O.D.),82,dentistry,campus,PT
Christopher Gonzalez,Bachelor of Science in Biomedical Science (B.S.),75,surgery,online,
Alyssa Wilson,Doctor of Medicine (M.D.),92,surgery,online,FT
Taylor Branch,Doctor of Veterinary Medicine (D.V.M.),78,,,PT
Andrew Carr,Doctor of Optometry (O.D.),91,,,FT
Carl Schroeder,Doctor of Physical Therapy (D.P.T.),80,nutrition,campus,PT
Jason Floyd,Doctor of Veterinary Medicine (D.V.M.),82,nutrition,campus,
Christopher Bradley,Bachelor of Science in Nursing (B.S.N.),99,dentistry,online,
Jennifer Lucas,Master of Health Administration (M.H.A.),83,nutrition,campus,
Rhonda Smith,Doctor of Nursing Practice (D.N.P.),97,immunology,online,
Robert Wilson,Doctor of Podiatric Medicine (D.P.M.),58,immunology,,
Nicole Maynard,Bachelor of Science in Nursing (B.S.N.),94,,online,PT
Tammy Cox,Doctor of Osteopathic Medicine (D.O.),75,,online,FT
Deborah Martin,Bachelor of Science in Nursing (B.S.N.),88,nutrition,campus,FT
Gregory Parrish,Bachelor of Science in Nursing (B.S.N.),72,immunology,,
Brenda Taylor,Doctor of Nursing Practice (D.N.P.),96,dentistry,online,
Danielle Casey,Doctor of Pharmacy (Pharm.D.),96,nursing,campus,PT
Anna Clark,Doctor of Chiropractic (D.C.),67,physiotherapy,campus,PT
Heather Peck,Doctor of Dental Medicine (D.M.D.),76,physiotherapy,online,
David Scott,Doctor of Physical Therapy (D.P.T.),50,surgery,online,
Daniel Hicks,Doctor of Optometry (O.D.),82,immunology,campus,PT
Gabriella Henry,Doctor of Medicine (M.D.),85,nutrition,online,
Paul Phillips,Doctor of Dental Medicine (D.M.D.),58,physiotherapy,online,
David Campbell,Doctor of Physical Therapy (D.P.T.),90,dentistry,,FT
Timothy Baldwin,Master of Health Administration (M.H.A.),80,,campus,PT
Renee Cole,Bachelor of Science in Biomedical Science (B.S.),96,nursing,online,
Caroline Bryant,Bachelor of Science in Biomedical Science (B.S.),62,dentistry,campus,PT
Erica Obrien,Doctor of Nursing Practice (D.N.P.),52,physiotherapy,,PT
Jeremy White,Doctor of Osteopathic Medicine (D.O.),85,,campus,FT
Lisa Barnes,Doctor of Dental Surgery (D.D.S.),82,,online,FT
Kathryn Jones,Master of Health Administration (M.H.A.),50,surgery,campus,PT
Chad Watson,Doctor of Optometry (O.D.),91,,,FT
James Reeves,Doctor of Osteopathic Medicine (D.O.),60,surgery,online,PT
Jesse Mitchell,Doctor of Veterinary Medicine (D.V.M.),98,physiotherapy,campus,PT
Bethany Davis,Doctor of Dental Surgery (D.D.S.),76,nursing,,PT
Steven Mitchell,Doctor of Veterinary Medicine (D.V.M.),74,dentistry,campus,FT
Samuel Taylor,Doctor of Osteopathic Medicine (D.O.),58,immunology,,FT
Brian Christensen Jr.,Bachelor of Science in Biomedical Science (B.S.),52,nutrition,campus,FT
Keith Avery,Bachelor of Science in Nursing (B.S.N.),76,nursing,online,FT
Molly Simmons,Doctor of Dental Medicine (D.M.D.),83,,,FT
Jason Cabrera,Doctor of Veterinary Medicine (D.V.M.),88,nutrition,,FT
Peter Sutton,Doctor of Dental Surgery (D.D.S.),85,physiotherapy,online,FT
Candace Zimmerman,Doctor of Medicine (M.D.),100,physiotherapy,online,PT
Jeffrey Thornton,Doctor of Dental Surgery (D.D.S.),91,nursing,,
Kathryn Baker,Doctor of Dental Surgery (D.D.S.),64,physiotherapy,online,FT
Lance Ellis,Doctor of Medicine (M.D.),69,surgery,,PT
Christina Logan,Doctor of Nursing Practice (D.N.P.),61,nursing,,PT
Maria Kim,Bachelor of Science in Biomedical Science (B.S.),80,nutrition,online,PT
Kristen Patel,Doctor of Nursing Practice (D.N.P.),70,surgery,online,PT
Shawn Chen,Doctor of Dental Medicine (D.M.D.),73,nutrition,,
Karen Pope,Bachelor of Science in Nursing (B.S.N.),77,nursing,campus,PT
Jennifer Williams,Doctor of Osteopathic Medicine (D.O.),86,nutrition,,PT
Stephen Cruz,Doctor of Nursing Practice (D.N.P.),88,dentistry,online,
Jasmine Garrison,Master of Health Administration (M.H.A.),58,dentistry,online,
Jennifer Gould,Doctor of Nursing Practice (D.N.P.),86,surgery,,FT
Michael Young,Master of Health Administration (M.H.A.),95,dentistry,campus,FT
Cody Smith,Bachelor of Science in Nursing (B.S.N.),90,immunology,campus,PT
Mark Moore,Doctor of Nursing Practice (D.N.P.),92,immunology,online,PT
David Tucker,Bachelor of Science in Nursing (B.S.N.),77,dentistry,online,FT
James Moore,Doctor of Pharmacy (Pharm.D.),64,physiotherapy,campus,FT
Theresa West,Doctor of Medicine (M.D.),68,,,FT
Cassidy Klein,Doctor of Dental Surgery (D.D.S.),53,immunology,,
Roy Fernandez,Doctor of Dental Medicine (D.M.D.),73,,online,
Tommy Bailey,Doctor of Veterinary Medicine (D.V.M.),96,nursing,,PT
Jason Brown,Doctor of Pharmacy (Pharm.D.),61,physiotherapy,campus,
Kimberly Aguirre,Doctor of Dental Surgery (D.D.S.),91,nursing,,
Kenneth Lewis,Doctor of Osteopathic Medicine (D.O.),84,dentistry,,
Denise Cantu,Bachelor of Science in Biomedical Science (B.S.),96,dentistry,online,FT
Thomas Chambers,Doctor of Osteopathic Medicine (D.O.),50,immunology,online,FT
Ashley Hoffman,Bachelor of Science in Nursing (B.S.N.),72,nutrition,campus,
Jonathan Kerr,Doctor of Dental Surgery (D.D.S.),96,physiotherapy,campus,PT
Linda Martin,Doctor of Chiropractic (D.C.),86,dentistry,,FT
Sandra Stewart,Doctor of Osteopathic Medicine (D.O.),53,immunology,online,FT
Paul Marshall,Doctor of Chiropractic (D.C.),58,dentistry,campus,FT
Sarah Campbell,Bachelor of Science in Nursing (B.S.N.),54,nursing,,FT
Joel Crane,Doctor of Osteopathic Medicine (D.O.),65,nutrition,campus,FT
William Lynch,Master of Public Health (M.P.H.),76,physiotherapy,campus,FT
Luis Clayton,Bachelor of Science in Biomedical Science (B.S.),79,immunology,campus,
Tiffany Lee,Doctor of Dental Surgery (D.D.S.),63,nutrition,,
Alex Mckenzie,Doctor of Dental Medicine (D.M.D.),75,nursing,campus,PT
Louis Brooks,Doctor of Dental Surgery (D.D.S.),77,surgery,campus,PT
Derek Palmer,Master of Public Health (M.P.H.),97,nursing,,
Samuel House,Doctor of Podiatric Medicine (D.P.M.),97,surgery,campus,PT
Joel Richardson,Doctor of Podiatric Medicine (D.P.M.),71,immunology,,PT
Carlos Hale,Doctor of Optometry (O.D.),92,nursing,,FT
Tommy Riggs,Doctor of Chiropractic (D.C.),90,physiotherapy,campus,PT
Carolyn West,Doctor of Veterinary Medicine (D.V.M.),74,nursing,,FT
Daniel Sexton,Doctor of Dental Medicine (D.M.D.),58,surgery,,FT
Philip Brown,Doctor of Veterinary Medicine (D.V.M.),50,immunology,campus,PT
Brian Lowe,Doctor of Pharmacy (Pharm.D.),72,,online,FT
Kaitlyn Stevens,Master of Health Administration (M.H.A.),77,physiotherapy,campus,FT
Melinda Robinson,Doctor of Physical Therapy (D.P.T.),91,dentistry,online,FT
Kathleen Johnston,Doctor of Podiatric Medicine (D.P.M.),51,nutrition,online,FT
Clayton Benitez,Doctor of Veterinary Medicine (D.V.M.),57,,,PT
Kelly Wallace,Doctor of Medicine (M.D.),90,immunology,online,PT
Brian Jones,Master of Public Health (M.P.H.),71,immunology,,PT
Ryan Willis,Doctor of Medicine (M.D.),84,immunology,campus,PT
Nicole Brown,Master of Public Health (M.P.H.),52,nursing,online,FT
Courtney White,Bachelor of Science in Nursing (B.S.N.),66,nutrition,campus,
Sarah Johnson,Doctor of Podiatric Medicine (D.P.M.),56,physiotherapy,online,
Thomas Adams,Doctor of Dental Medicine (D.M.D.),57,physiotherapy,online,
Melissa Hernandez,Doctor of Dental Surgery (D.D.S.),98,nursing,campus,
Elizabeth Kim,Doctor of Podiatric Medicine (D.P.M.),63,nursing,online,PT
Paul Newton,Master of Public Health (M.P.H.),85,surgery,,PT
Samantha Simon,Doctor of Pharmacy (Pharm.D.),51,nutrition,online,
Jeremy Griffin,Master of Public Health (M.P.H.),67,immunology,campus,
Nancy Miller,Doctor of Medicine (M.D.),71,dentistry,online,FT
Steven Ortega,Doctor of Physical Therapy (D.P.T.),50,,,PT
Mrs. Laura Gray,Doctor of Optometry (O.D.),92,physiotherapy,campus,
Angela Roberson,Doctor of Dental Surgery (D.D.S.),76,surgery,campus,PT
Luis Morgan,Doctor of Optometry (O.D.),65,nursing,online,FT
Marvin Small,Doctor of Podiatric Medicine (D.P.M.),74,immunology,campus,FT
David Moore,Master of Public Health (M.P.H.),60,surgery,campus,PT
Tony Gonzales,Doctor of Dental Surgery (D.D.S.),69,nutrition,,FT
Patricia Johnson,Bachelor of Science in Nursing (B.S.N.),61,immunology,,FT
Sabrina Patrick,Doctor of Pharmacy (Pharm.D.),53,physiotherapy,campus,
Robyn Peterson,Bachelor of Science in Biomedical Science (B.S.),60,immunology,online,FT
Mary Williams,Doctor of Podiatric Medicine (D.P.M.),89,nursing,,FT
Michael Turner,Doctor of Medicine (M.D.),69,nutrition,online,
Jennifer Griffith,Doctor of Dental Surgery (D.D.S.),66,,online,FT
Jeremy Singh,Bachelor of Science in Nursing (B.S.N.),52,nursing,online,
Tiffany Willis,Doctor of Optometry (O.D.),62,physiotherapy,,FT
Taylor Hodge,Master of Health Administration (M.H.A.),57,physiotherapy,,FT
Donna Davis,Doctor of Optometry (O.D.),55,,,PT
Sherri Gonzalez,Doctor of Podiatric Medicine (D.P.M.),69,immunology,online,
Janice Mcdonald,Doctor of Chiropractic (D.C.),50,immunology,campus,FT
Wendy Dixon,Bachelor of Science in Nursing (B.S.N.),82,nursing,campus,
Jennifer Hickman,Doctor of Dental Surgery (D.D.S.),98,,,FT
Johnny Allen,Doctor of Medicine (M.D.),82,physiotherapy,,PT
Fred Jackson,Doctor of Chiropractic (D.C.),78,nutrition,,PT
Marcus Huff,Doctor of Nursing Practice (D.N.P.),60,immunology,,
Kyle Garcia,Doctor of Podiatric Medicine (D.P.M.),96,,,
Deborah Edwards,Doctor of Dental Medicine (D.M.D.),78,immunology,,
Mark Terrell,Doctor of Dental Medicine (D.M.D.),66,surgery,campus,
Jacqueline Morris,Doctor of Dental Medicine (D.M.D.),91,immunology,campus,PT
Rhonda Stevenson,Master of Public Health (M.P.H.),91,nutrition,campus,
Erica Hooper,Master of Public Health (M.P.H.),56,physiotherapy,online,
Wendy Gonzales,Doctor of Dental Medicine (D.M.D.),78,dentistry,online,FT
Valerie Phillips,Doctor of Dental Surgery (D.D.S.),90,surgery,,PT
Pamela Conner,Master of Health Administration (M.H.A.),70,surgery,online,PT
James Myers,Doctor of Podiatric Medicine (D.P.M.),53,,campus,FT
Linda Jackson,Doctor of Optometry (O.D.),63,nursing,,PT
Jeremy Robinson,Doctor of Veterinary Medicine (D.V.M.),100,nutrition,online,FT
Dr. Lauren Young DDS,Doctor of Veterinary Medicine (D.V.M.),73,,campus,
Jose Montoya,Doctor of Nursing Practice (D.N.P.),67,physiotherapy,,FT
Jeffery Johnson,Bachelor of Science in Nursing (B.S.N.),55,nutrition,campus,
Jacob Bates,Bachelor of Science in Nursing (B.S.N.),84,dentistry,online,FT
Jeffrey Hunter,Doctor of Dental Medicine (D.M.D.),90,nursing,,FT
Aaron Hernandez,Doctor of Dental Surgery (D.D.S.),81,physiotherapy,,
Laura Valdez,Doctor of Dental Medicine (D.M.D.),59,dentistry,online,PT
Daniel Gross,Doctor of Optometry (O.D.),67,immunology,,
Brian Mendoza,Doctor of Physical Therapy (D.P.T.),94,physiotherapy,,FT
Johnny Archer,Doctor of Medicine (M.D.),83,,campus,FT
Alejandra Cardenas,Master of Public Health (M.P.H.),79,dentistry,campus,
Robert Walker,Doctor of Medicine (M.D.),68,immunology,online,FT
Melissa Henderson,Doctor of Chiropractic (D.C.),82,dentistry,online,FT
Emily Peterson,Doctor of Physical Therapy (D.P.T.),73,surgery,,FT
Kevin Allen,Doctor of Podiatric Medicine (D.P.M.),55,,,FT
Emily Huber,Doctor of Medicine (M.D.),73,nursing,,PT
Sheila Jones,Doctor of Pharmacy (Pharm.D.),90,nursing,campus,PT
Larry Abbott,Doctor of Nursing Practice (D.N.P.),95,immunology,online,FT
Stephanie King,Doctor of Podiatric Medicine (D.P.M.),85,surgery,campus,
Jason Bush,Doctor of Physical Therapy (D.P.T.),71,,campus,FT
Amanda Vazquez,Doctor of Chiropractic (D.C.),70,nursing,online,
Brittany Ford,Master of Health Administration (M.H.A.),89,surgery,,
Jeremy Moore,Doctor of Pharmacy (Pharm.D.),50,immunology,,PT
Mrs. Kimberly Baker,Doctor of Optometry (O.D.),72,surgery,campus,PT
Steven Black,Doctor of Optometry (O.D.),85,nursing,campus,
Elizabeth Bradford,Doctor of Dental Medicine (D.M.D.),78,immunology,online,FT
Leah Poole,Doctor of Osteopathic Medicine (D.O.),66,surgery,campus,FT
Leah Ramirez,Doctor of Optometry (O.D.),80,physiotherapy,online,PT
Joshua Sharp,Master of Public Health (M.P.H.),97,nutrition,campus,FT
Katherine Harris,Doctor of Dental Medicine (D.M.D.),75,nursing,online,FT
Samantha Barnes,Doctor of Nursing Practice (D.N.P.),84,nursing,,
Omar Edwards,Doctor of Medicine (M.D.),94,,online,FT
Michelle Anderson,Doctor of Osteopathic Medicine (D.O.),93,surgery,online,PT
Brandon Kramer,Bachelor of Science in Biomedical Science (B.S.),64,surgery,campus,
Brittany Yoder,Doctor of Pharmacy (Pharm.D.),73,nursing,online,
Jessica Nguyen,Doctor of Osteopathic Medicine (D.O.),56,nursing,campus,FT
Haley Davis,Doctor of Dental Medicine (D.M.D.),56,nursing,campus,PT
Stephen Zimmerman,Master of Health Administration (M.H.A.),64,physiotherapy,,PT
Mark Guerrero,Doctor of Dental Medicine (D.M.D.),77,surgery,online,FT
Brian Ward,Doctor of Dental Medicine (D.M.D.),88,physiotherapy,campus,FT
Tracey Rangel,Doctor of Podiatric Medicine (D.P.M.),69,immunology,,PT
Brianna Walker,Doctor of Podiatric Medicine (D.P.M.),80,,online,
Matthew Nichols,Master of Public Health (M.P.H.),64,nutrition,online,PT
Sean Little,Bachelor of Science in Biomedical Science (B.S.),56,nutrition,,
Kent White,Doctor of Nursing Practice (D.N.P.),85,,online,FT
Teresa Reed,Doctor of Chiropractic (D.C.),86,physiotherapy,online,PT
Shaun Schmidt,Doctor of Nursing Practice (D.N.P.),88,surgery,online,PT
Jessica Craig,Doctor of Osteopathic Medicine (D.O.),53,immunology,campus,FT
Steven Walker,Master of Health Administration (M.H.A.),84,physiotherapy,online,FT
Jeremy Terry,Doctor of Pharmacy (Pharm.D.),82,physiotherapy,online,PT
Samuel Baxter,Bachelor of Science in Nursing (B.S.N.),96,surgery,,FT
Hannah Wood,Doctor of Medicine (M.D.),56,,campus,PT
Deborah Stone,Master of Health Administration (M.H.A.),84,nursing,online,
Janice Evans,Doctor of Medicine (M.D.),66,surgery,online,
Jenna Duffy,Doctor of Physical Therapy (D.P.T.),62,nursing,online,FT
Nathan Ward,Doctor of Optometry (O.D.),57,surgery,campus,FT
Paula Wilson,Doctor of Osteopathic Medicine (D.O.),62,surgery,campus,
Kristy Wagner,Bachelor of Science in Biomedical Science (B.S.),74,physiotherapy,campus,
Nicholas Martinez,Doctor of Dental Medicine (D.M.D.),96,dentistry,online,FT
Richard Tucker,Doctor of Physical Therapy (D.P.T.),66,nutrition,online,FT
Kyle Garcia,Master of Health Administration (M.H.A.),95,dentistry,campus,
Katie Smith,Doctor of Veterinary Medicine (D.V.M.),69,nursing,campus,FT
Sara Randolph,Doctor of Nursing Practice (D.N.P.),56,physiotherapy,campus,PT
Robert Cameron,Doctor of Nursing Practice (D.N.P.),62,nursing,,FT
Mrs. Sarah Butler,Doctor of Chiropractic (D.C.),54,nursing,,PT
Stacey Colon,Doctor of Optometry (O.D.),86,,online,PT
Andrea Davis,Doctor of Optometry (O.D.),81,physiotherapy,,FT
Steven Lane,Doctor of Podiatric Medicine (D.P.M.),65,physiotherapy,campus,FT
Lori Turner,Doctor of Dental Surgery (D.D.S.),62,surgery,online,FT
Donna Thomas,Doctor of Pharmacy (Pharm.D.),62,nutrition,campus,PT
Marc Rios,Bachelor of Science in Biomedical Science (B.S.),96,,campus,
Kimberly Cole,Doctor of Osteopathic Medicine (D.O.),97,dentistry,campus,PT
John Davis PhD,Doctor of Osteopathic Medicine (D.O.),55,dentistry,online,
Kyle Briggs,Doctor of Medicine (M.D.),61,immunology,,
Jeffrey Porter,Doctor of Dental Medicine (D.M.D.),84,physiotherapy,campus,PT
Charles Gibson,Doctor of Physical Therapy (D.P.T.),70,nutrition,campus,FT
Mary Gonzalez,Doctor of Nursing Practice (D.N.P.),76,,campus,PT
Chelsea Bryant,Doctor of Optometry (O.D.),70,dentistry,online,
Tammy Garcia,Bachelor of Science in Nursing (B.S.N.),61,nursing,,
Elizabeth Phillips,Doctor of Dental Medicine (D.M.D.),87,nursing,online,FT
James Robinson,Master of Public Health (M.P.H.),58,,campus,FT
Jamie White,Doctor of Nursing Practice (D.N.P.),91,nutrition,online,FT
Adam Everett,Bachelor of Science in Biomedical Science (B.S.),52,physiotherapy,,FT
Ashley Brown,Doctor of Veterinary Medicine (D.V.M.),95,dentistry,online,PT
Jackie Moore,Doctor of Physical Therapy (D.P.T.),80,physiotherapy,online,PT
Victoria Owens,Doctor of Dental Medicine (D.M.D.),63,surgery,campus,FT
Joseph White,Doctor of Veterinary Medicine (D.V.M.),55,nutrition,,PT
Andrew Villegas,Master of Public Health (M.P.H.),50,nutrition,online,
Caitlin Mcdaniel,Doctor of Podiatric Medicine (D.P.M.),75,surgery,online,FT
Jasmine Mckee,Master of Public Health (M.P.H.),61,immunology,campus,
John Deleon,Doctor of Physical Therapy (D.P.T.),85,nutrition,campus,PT
Mary Reed,Doctor of Podiatric Medicine (D.P.M.),95,physiotherapy,campus,PT
Aaron Richardson,Master of Health Administration (M.H.A.),67,nutrition,,
Holly Michael,Master of Health Administration (M.H.A.),96,,campus,FT
Christopher Smith,Doctor of Veterinary Medicine (D.V.M.),66,surgery,campus,FT
Michael Harmon,Doctor of Osteopathic Medicine (D.O.),74,dentistry,,PT
Kristen Phillips,Master of Public Health (M.P.H.),58,physiotherapy,online,PT
Anthony Meyers,Doctor of Pharmacy (Pharm.D.),56,nursing,online,
Jeremy Morris,Bachelor of Science in Biomedical Science (B.S.),94,dentistry,online,PT
Roy Jackson,Master of Public Health (M.P.H.),88,nutrition,,FT
Jennifer Boone MD,Doctor of Dental Medicine (D.M.D.),96,nursing,,PT
Robert Perez,Master of Health Administration (M.H.A.),83,dentistry,campus,PT
Deanna Daniel,Bachelor of Science in Nursing (B.S.N.),86,surgery,online,PT
Sarah Bentley,Doctor of Pharmacy (Pharm.D.),87,nutrition,online,
Margaret Rojas,Doctor of Optometry (O.D.),60,nutrition,online,FT
Monica Barton,Master of Public Health (M.P.H.),96,physiotherapy,,PT
Jason King,Doctor of Medicine (M.D.),80,physiotherapy,online,FT
Amanda Black,Doctor of Optometry (O.D.),65,nursing,campus,PT
John Casey,Doctor of Dental Surgery (D.D.S.),50,surgery,campus,
Taylor Washington,Doctor of Medicine (M.D.),90,surgery,,FT
Mary Meyers,Doctor of Chiropractic (D.C.),63,nutrition,,FT
Charles Martinez,Doctor of Chiropractic (D.C.),68,nursing,online,FT
Lisa Yoder,Bachelor of Science in Nursing (B.S.N.),76,nutrition,campus,
Sandra Rangel,Doctor of Medicine (M.D.),63,surgery,,PT
Richard Nguyen,Doctor of Optometry (O.D.),79,physiotherapy,online,PT
Amanda Patterson,Doctor of Nursing Practice (D.N.P.),90,nursing,,PT
Heather Ross,Doctor of Medicine (M.D.),57,dentistry,,PT
Shelly Martin,Doctor of Chiropractic (D.C.),55,nutrition,,PT
Alyssa Hill,Master of Public Health (M.P.H.),89,immunology,,PT
Mr. Rodney Daniels,Master of Public Health (M.P.H.),57,dentistry,online,PT
Heather Carrillo,Doctor of Nursing Practice (D.N.P.),65,immunology,campus,PT
Richard Hardin,Doctor of Pharmacy (Pharm.D.),82,physiotherapy,campus,
Robert Fleming,Doctor of Podiatric Medicine (D.P.M.),56,surgery,,
Daniel White,Bachelor of Science in Biomedical Science (B.S.),54,,,FT
David Carlson,Doctor of Dental Surgery (D.D.S.),53,surgery,,
Gregory Wallace,Doctor of Dental Surgery (D.D.S.),68,surgery,,
Jamie Collins,Doctor of Optometry (O.D.),67,,online,PT
Sean Jacobs,Bachelor of Science in Nursing (B.S.N.),74,surgery,,PT
Mark Cervantes,Doctor of Podiatric Medicine (D.P.M.),79,nutrition,online,PT
Brittany Hernandez,Doctor of Pharmacy (Pharm.D.),94,immunology,campus,PT
Leslie Rogers,Doctor of Veterinary Medicine (D.V.M.),68,,online,
Christie Vasquez,Doctor of Osteopathic Medicine (D.O.),97,surgery,,
Monica Castro,Doctor of Dental Medicine (D.M.D.),68,immunology,campus,PT
Douglas Kelly,Doctor of Dental Medicine (D.M.D.),75,immunology,campus,FT
Nicholas Ryan,Doctor of Optometry (O.D.),71,,campus,
Brooke Boyer,Doctor of Podiatric Medicine (D.P.M.),81,physiotherapy,,
Brandon Allen,Bachelor of Science in Nursing (B.S.N.),50,dentistry,campus,
Vanessa Simmons,Doctor of Medicine (M.D.),94,nutrition,campus,
Crystal Lopez,Master of Health Administration (M.H.A.),81,nursing,online,PT
Margaret Singleton,Doctor of Pharmacy (Pharm.D.),99,nursing,campus,PT
Tonya Perez,Doctor of Optometry (O.D.),97,immunology,,
Tonya Mitchell,Doctor of Chiropractic (D.C.),84,immunology,online,PT
Mrs. Monica Reese,Doctor of Pharmacy (Pharm.D.),67,nutrition,campus,FT
Kathleen Lopez,Doctor of Osteopathic Medicine (D.O.),70,nursing,online,FT
Jordan Wade,Doctor of Medicine (M.D.),56,dentistry,,PT
Paul Ramirez,Doctor of Physical Therapy (D.P.T.),61,surgery,,FT
Toni Jones,Master of Public Health (M.P.H.),62,physiotherapy,,PT
Ryan Vargas,Doctor of Veterinary Medicine (D.V.M.),89,physiotherapy,campus,PT
Nancy Mcdonald,Master of Health Administration (M.H.A.),84,dentistry,,
Lauren Ortiz,Doctor of Podiatric Medicine (D.P.M.),94,nutrition,,FT
Michael Williams,Bachelor of Science in Nursing (B.S.N.),58,immunology,campus,FT
Gloria Barnes,Doctor of Optometry (O.D.),66,immunology,campus,PT
Jason Mcdonald,Bachelor of Science in Biomedical Science (B.S.),76,immunology,online,FT
Carmen Lam,Doctor of Physical Therapy (D.P.T.),83,nursing,,PT
Jessica Cook,Master of Health Administration (M.H.A.),65,nutrition,,PT
Robert Williams,Doctor of Dental Medicine (D.M.D.),92,immunology,online,PT
Alan West,Doctor of Dental Medicine (D.M.D.),85,,,PT
Michael Fitzgerald,Doctor of Physical Therapy (D.P.T.),68,physiotherapy,,FT
Carolyn Ballard,Master of Public Health (M.P.H.),70,surgery,campus,
Brian Vega,Bachelor of Science in Biomedical Science (B.S.),98,surgery,,PT
Diana Reyes,Bachelor of Science in Nursing (B.S.N.),63,immunology,online,
Katherine Mack,Doctor of Medicine (M.D.),70,dentistry,campus,PT
Austin Watkins,Doctor of Medicine (M.D.),89,nursing,online,PT
Jason Leblanc,Doctor of Optometry (O.D.),58,immunology,,
Deanna Holmes,Bachelor of Science in Biomedical Science (B.S.),95,surgery,,PT
Rick Rios,Doctor of Physical Therapy (D.P.T.),80,dentistry,online,FT
Seth Anderson,Doctor of Medicine (M.D.),54,dentistry,,FT
Mr. Nathan Richard,Doctor of Chiropractic (D.C.),86,nutrition,,PT
Steven Murphy,Bachelor of Science in Biomedical Science (B.S.),57,immunology,campus,
Lance Avery,Doctor of Optometry (O.D.),92,dentistry,campus,PT
Julian Strickland,Doctor of Pharmacy (Pharm.D.),68,surgery,,
Pamela Knight,Doctor of Chiropractic (D.C.),60,physiotherapy,online,
David Smith,Master of Public Health (M.P.H.),90,nutrition,online,PT
Lance Bender,Doctor of Chiropractic (D.C.),86,nutrition,online,PT
Juan Jones,Doctor of Podiatric Medicine (D.P.M.),62,nutrition,,
Mr. Adam Scott,Doctor of Veterinary Medicine (D.V.M.),59,physiotherapy,campus,PT
Debbie Smith,Bachelor of Science in Nursing (B.S.N.),100,immunology,online,PT
Joshua Beasley,Doctor of Optometry (O.D.),69,immunology,online,FT
Wendy Smith,Bachelor of Science in Biomedical Science (B.S.),59,immunology,campus,
Miss Patricia Davis,Doctor of Nursing Practice (D.N.P.),50,,online,FT
Daniel Harris,Doctor of Medicine (M.D.),100,surgery,online,
Daniel Carter,Doctor of Dental Surgery (D.D.S.),70,dentistry,,
William Johnson,Master of Health Administration (M.H.A.),67,,online,
Kelly Davidson,Master of Public Health (M.P.H.),68,nursing,online,PT
Evan Brown,Doctor of Dental Surgery (D.D.S.),68,nutrition,,FT
Christopher Lloyd,Doctor of Osteopathic Medicine (D.O.),65,immunology,campus,
Terrence Kelly,Doctor of Medicine (M.D.),66,nursing,,PT
Jenny Ware,Doctor of Dental Surgery (D.D.S.),59,,campus,FT
Bernard Levine,Doctor of Medicine (M.D.),82,dentistry,campus,
Kyle Herrera,Doctor of Medicine (M.D.),79,nursing,online,
Lori Brooks,Master of Health Administration (M.H.A.),80,immunology,online,
Veronica Castillo,Doctor of Veterinary Medicine (D.V.M.),98,physiotherapy,campus,PT
Angela Villegas,Bachelor of Science in Nursing (B.S.N.),99,dentistry,,FT
Gregory Wyatt,Doctor of Physical Therapy (D.P.T.),98,physiotherapy,,PT
Joseph Hoffman,Doctor of Physical Therapy (D.P.T.),99,immunology,campus,FT
David West,Doctor of Physical Therapy (D.P.T.),63,,campus,
Lisa Doyle,Doctor of Podiatric Medicine (D.P.M.),94,surgery,,FT
Brent Lawson,Bachelor of Science in Biomedical Science (B.S.),65,physiotherapy,online,
Sherri Vazquez,Doctor of Chiropractic (D.C.),72,surgery,campus,
Justin Brown,Doctor of Podiatric Medicine (D.P.M.),96,physiotherapy,online,
Joseph Blake,Doctor of Nursing Practice (D.N.P.),94,nutrition,,PT
David Lopez,Master of Health Administration (M.H.A.),65,physiotherapy,campus,PT
Juan Lopez,Doctor of Optometry (O.D.),79,nursing,,FT
Michael Bennett,Bachelor of Science in Biomedical Science (B.S.),98,physiotherapy,online,FT
Anna Morgan,Master of Health Administration (M.H.A.),58,surgery,campus,
Nathan Diaz,Bachelor of Science in Biomedical Science (B.S.),65,physiotherapy,online,FT
Cheyenne Richards,Master of Public Health (M.P.H.),61,nursing,,PT
Ann Livingston,Doctor of Podiatric Medicine (D.P.M.),57,immunology,online,FT
Matthew Morton,Doctor of Osteopathic Medicine (D.O.),89,dentistry,,FT
Maria Roberts,Master of Public Health (M.P.H.),82,dentistry,,
Brandi Garcia,Doctor of Dental Medicine (D.M.D.),99,physiotherapy,,
Angela Mahoney,Doctor of Dental Medicine (D.M.D.),64,nursing,,
Emily Graham,Doctor of Veterinary Medicine (D.V.M.),54,dentistry,online,
Cindy Le,Doctor of Optometry (O.D.),78,,online,
Christopher Fernandez,Master of Public Health (M.P.H.),89,immunology,campus,PT
Connie Wright,Doctor of Pharmacy (Pharm.D.),91,,campus,
James Adams,Doctor of Veterinary Medicine (D.V.M.),50,physiotherapy,,FT
Ashley Mitchell,Doctor of Nursing Practice (D.N.P.),72,nutrition,online,
Nicholas Kim Jr.,Doctor of Chiropractic (D.C.),91,nursing,campus,
Tricia Meyers,Doctor of Veterinary Medicine (D.V.M.),90,,campus,FT
Zachary Garrett,Doctor of Nursing Practice (D.N.P.),63,nursing,online,
Debbie Paul,Doctor of Chiropractic (D.C.),64,surgery,,
Judith Pena,Bachelor of Science in Biomedical Science (B.S.),94,physiotherapy,campus,FT
Charles Harris,Doctor of Osteopathic Medicine (D.O.),88,nutrition,,FT
Joseph Evans,Bachelor of Science in Nursing (B.S.N.),93,,online,PT
Sarah Young,Doctor of Nursing Practice (D.N.P.),63,,campus,
Kyle Conway,Doctor of Podiatric Medicine (D.P.M.),68,dentistry,online,FT
Martha Chambers DDS,Doctor of Podiatric Medicine (D.P.M.),92,physiotherapy,campus,PT
Robert Rodriguez,Doctor of Physical Therapy (D.P.T.),99,nutrition,online,FT
Amanda Castro,Doctor of Dental Medicine (D.M.D.),97,immunology,campus,
Austin Stone,Doctor of Dental Surgery (D.D.S.),79,physiotherapy,campus,PT
Joseph Salazar,Doctor of Nursing Practice (D.N.P.),87,surgery,campus,PT
Felicia Williams,Doctor of Medicine (M.D.),73,immunology,online,
Misty Park DVM,Doctor of Podiatric Medicine (D.P.M.),81,,online,PT
Christy Phillips,Bachelor of Science in Biomedical Science (B.S.),80,nutrition,campus,FT
Joseph Lowe,Doctor of Medicine (M.D.),91,nutrition,campus,PT
Robert Kaufman,Bachelor of Science in Biomedical Science (B.S.),59,dentistry,,
Christopher Burnett,Master of Public Health (M.P.H.),93,nutrition,,
Caleb Avery,Master of Health Administration (M.H.A.),100,immunology,campus,
Curtis Williams,Doctor of Dental Medicine (D.M.D.),52,physiotherapy,online,PT
Brian Rodriguez,Doctor of Chiropractic (D.C.),56,dentistry,campus,PT
Michael Harris,Bachelor of Science in Nursing (B.S.N.),59,surgery,online,FT
Kayla Moore DDS,Bachelor of Science in Biomedical Science (B.S.),83,dentistry,campus,
Samuel Wheeler,Doctor of Osteopathic Medicine (D.O.),94,physiotherapy,campus,FT
Jeffery Ray,Doctor of Dental Medicine (D.M.D.),87,physiotherapy,,FT
Mary Logan,Doctor of Pharmacy (Pharm.D.),53,immunology,campus,
Courtney Hernandez,Master of Public Health (M.P.H.),66,,campus,PT
Mary Montoya,Doctor of Chiropractic (D.C.),67,nursing,online,PT
Felicia Castillo,Master of Health Administration (M.H.A.),63,nutrition,,FT
Nicholas Bruce,Doctor of Nursing Practice (D.N.P.),96,immunology,online,
Heather Watts,Doctor of Nursing Practice (D.N.P.),98,nutrition,online,FT
Michael Ramirez,Doctor of Podiatric Medicine (D.P.M.),79,immunology,,
Abigail Anderson,Doctor of Medicine (M.D.),57,,campus,FT
Mr. Brad Perkins,Master of Public Health (M.P.H.),63,,,PT
Abigail Moses,Doctor of Veterinary Medicine (D.V.M.),60,surgery,,FT
Francis Obrien,Master of Health Administration (M.H.A.),51,immunology,campus,FT
William Byrd,Doctor of Podiatric Medicine (D.P.M.),61,,campus,PT
Mr. Kirk Banks,Doctor of Podiatric Medicine (D.P.M.),73,nutrition,campus,PT
Ronald Parker,Doctor of Medicine (M.D.),61,nursing,online,FT
Kathleen Price,Doctor of Dental Surgery (D.D.S.),90,,campus,FT
Sharon Anderson,Doctor of Osteopathic Medicine (D.O.),79,nursing,online,
Pamela Dawson,Master of Public Health (M.P.H.),81,physiotherapy,,
Stephen Phillips,Master of Public Health (M.P.H.),100,dentistry,,PT
Mrs. Kayla Taylor MD,Doctor of Pharmacy (Pharm.D.),67,nursing,campus,PT
Ann Andrade,Doctor of Nursing Practice (D.N.P.),84,surgery,online,
Ryan Washington,Doctor of Pharmacy (Pharm.D.),98,nutrition,online,FT
Ashley Mills,Bachelor of Science in Nursing (B.S.N.),50,dentistry,,PT
Brendan Wallace,Doctor of Podiatric Medicine (D.P.M.),70,nutrition,online,FT
Melissa Hudson,Doctor of Medicine (M.D.),74,surgery,online,
Marcus George,Doctor of Physical Therapy (D.P.T.),98,surgery,,
Michael Harris,Doctor of Podiatric Medicine (D.P.M.),53,,campus,FT
Justin Young,Master of Public Health (M.P.H.),53,surgery,online,FT
Kristi Hart,Doctor of Medicine (M.D.),75,immunology,,
Tim Kent,Doctor of Nursing Practice (D.N.P.),55,nursing,,
Michelle Johnson PhD,Doctor of Osteopathic Medicine (D.O.),88,physiotherapy,,PT
Kelli Walker,Master of Public Health (M.P.H.),90,surgery,,
Morgan Gray,Doctor of Dental Surgery (D.D.S.),60,dentistry,campus,FT
Brianna Henry,Doctor of Physical Therapy (D.P.T.),69,dentistry,online,FT
Kathleen Harrington,Doctor of Nursing Practice (D.N.P.),89,surgery,campus,PT
Frederick Blackburn,Doctor of Medicine (M.D.),64,,online,PT
Megan Cooper,Doctor of Osteopathic Medicine (D.O.),91,nutrition,campus,FT
Tina Rosales,Doctor of Pharmacy (Pharm.D.),70,physiotherapy,online,PT
William Flores,Bachelor of Science in Biomedical Science (B.S.),73,nutrition,campus,FT
Brian Little,Doctor of Podiatric Medicine (D.P.M.),98,physiotherapy,,FT
Clayton Herrera,Doctor of Nursing Practice (D.N.P.),69,nursing,,FT
Joshua Kennedy,Master of Health Administration (M.H.A.),81,,campus,FT
Christopher Fowler,Doctor of Osteopathic Medicine (D.O.),79,dentistry,online,
Melissa Jackson,Doctor of Chiropractic (D.C.),64,nutrition,campus,
William Hall,Bachelor of Science in Nursing (B.S.N.),77,dentistry,,PT
Kyle Smith,Doctor of Osteopathic Medicine (D.O.),62,dentistry,campus,
Randall Vasquez,Bachelor of Science in Nursing (B.S.N.),94,nutrition,,
Mr. Matthew Bates,Doctor of Optometry (O.D.),68,nutrition,campus,PT
Jeremy Bailey,Master of Health Administration (M.H.A.),51,immunology,,
Lori Morris,Doctor of Osteopathic Medicine (D.O.),70,dentistry,online,
Christopher Pineda,Doctor of Dental Medicine (D.M.D.),60,nutrition,online,FT
Stephanie Wright,Doctor of Veterinary Medicine (D.V.M.),96,nursing,online,FT
Mathew Martin,Doctor of Podiatric Medicine (D.P.M.),62,nutrition,campus,PT
Daniel Beck,Master of Public Health (M.P.H.),82,nursing,campus,
Susan Drake,Doctor of Physical Therapy (D.P.T.),79,surgery,,PT
Mary Moran,Doctor of Chiropractic (D.C.),99,dentistry,,PT
Roy Moore,Doctor of Dental Medicine (D.M.D.),80,immunology,,FT
Edward Silva,Doctor of Physical Therapy (D.P.T.),61,dentistry,online,FT
Victoria Hendricks,Master of Public Health (M.P.H.),52,nutrition,online,PT
Wendy Garcia,Doctor of Dental Surgery (D.D.S.),89,surgery,campus,PT
Brandy Cameron,Bachelor of Science in Biomedical Science (B.S.),55,immunology,,
Virginia Chavez,Doctor of Dental Surgery (D.D.S.),87,physiotherapy,,
Amber Lopez,Doctor of Medicine (M.D.),93,nutrition,online,PT
Antonio Moore,Doctor of Dental Surgery (D.D.S.),97,nursing,,PT
Allison Young MD,Master of Public Health (M.P.H.),64,nursing,,
Phillip Rogers,Bachelor of Science in Biomedical Science (B.S.),52,dentistry,online,FT
David Warren,Bachelor of Science in Biomedical Science (B.S.),82,dentistry,,FT
Charles Carpenter,Doctor of Physical Therapy (D.P.T.),58,surgery,,PT
Barbara Thornton,Doctor of Veterinary Medicine (D.V.M.),81,immunology,campus,FT
Eric Travis,Doctor of Osteopathic Medicine (D.O.),100,nursing,campus,FT
Whitney Jackson,Doctor of Osteopathic Medicine (D.O.),85,immunology,,FT
Christopher Rojas,Doctor of Veterinary Medicine (D.V.M.),50,dentistry,,
James Brown,Doctor of Veterinary Medicine (D.V.M.),71,surgery,campus,PT
Angel Pearson,Master of Health Administration (M.H.A.),57,surgery,campus,
Rebekah Greene,Bachelor of Science in Biomedical Science (B.S.),93,physiotherapy,online,FT
Michelle Banks,Doctor of Optometry (O.D.),88,nursing,,PT
Austin Smith,Doctor of Dental Medicine (D.M.D.),87,surgery,online,FT
David George,Doctor of Osteopathic Medicine (D.O.),98,surgery,,
George Espinoza,Doctor of Dental Surgery (D.D.S.),95,nutrition,campus,PT
Sara Garcia,Doctor of Pharmacy (Pharm.D.),96,surgery,,PT
Samantha Dyer,Doctor of Physical Therapy (D.P.T.),62,,online,PT
Andrew Stark,Doctor of Medicine (M.D.),60,physiotherapy,online,
Debra Coleman,Bachelor of Science in Nursing (B.S.N.),92,physiotherapy,campus,FT
Nicole Jenkins,Doctor of Medicine (M.D.),97,,online,
Gary Morse,Bachelor of Science in Biomedical Science (B.S.),83,nursing,,
Brandon Williams,Doctor of Osteopathic Medicine (D.O.),71,immunology,online,
David Wilson,Master of Health Administration (M.H.A.),84,nutrition,campus,FT
Kevin Booth,Master of Health Administration (M.H.A.),62,nursing,campus,FT
Christopher Wise,Doctor of Nursing Practice (D.N.P.),55,surgery,,FT
Judy Mueller,Doctor of Physical Therapy (D.P.T.),66,surgery,,
John Keller,Doctor of Dental Medicine (D.M.D.),99,dentistry,,FT
Diane Smith,Doctor of Dental Medicine (D.M.D.),90,surgery,,PT
Ryan Savage,Doctor of Chiropractic (D.C.),51,immunology,campus,FT
Patrick Clark,Doctor of Osteopathic Medicine (D.O.),88,immunology,,
Beth Patel,Doctor of Osteopathic Medicine (D.O.),76,,online,FT
Emily Wright,Doctor of Nursing Practice (D.N.P.),71,physiotherapy,campus,FT
Danielle Alvarado,Doctor of Pharmacy (Pharm.D.),71,surgery,online,PT
Jeremy Berry,Doctor of Chiropractic (D.C.),86,nutrition,,
Cathy Phillips,Bachelor of Science in Biomedical Science (B.S.),85,,,FT
Jill Evans,Doctor of Nursing Practice (D.N.P.),95,nutrition,,
Brian Gonzales,Doctor of Podiatric Medicine (D.P.M.),75,nursing,,PT
Brittany Brown,Master of Public Health (M.P.H.),88,nutrition,campus,
Thomas Howell,Master of Public Health (M.P.H.),100,immunology,,
Eric Salas,Doctor of Podiatric Medicine (D.P.M.),93,dentistry,campus,PT
Robert Jordan,Doctor of Pharmacy (Pharm.D.),98,dentistry,,
John Rodriguez,Doctor of Optometry (O.D.),64,,online,FT
Joseph Duncan,Doctor of Chiropractic (D.C.),93,immunology,,
Raymond Becker,Doctor of Veterinary Medicine (D.V.M.),92,surgery,online,PT
Alicia Colon,Master of Public Health (M.P.H.),90,nutrition,campus,
Brian Soto,Bachelor of Science in Nursing (B.S.N.),84,physiotherapy,,
Juan Gomez,Doctor of Veterinary Medicine (D.V.M.),83,surgery,campus,
Matthew Ford,Doctor of Dental Medicine (D.M.D.),95,nutrition,campus,FT
Gary Brown,Bachelor of Science in Nursing (B.S.N.),90,surgery,,
Joel Reed,Doctor of Veterinary Medicine (D.V.M.),75,surgery,,
Tina Raymond,Doctor of Physical Therapy (D.P.T.),80,dentistry,online,
Cindy Barajas,Doctor of Dental Surgery (D.D.S.),82,surgery,online,PT
Linda Goodman,Doctor of Dental Medicine (D.M.D.),72,dentistry,,FT
Lisa Richards,Doctor of Physical Therapy (D.P.T.),61,nutrition,online,FT
Jason Tran,Doctor of Dental Surgery (D.D.S.),92,dentistry,online,PT
Karen Shepard,Doctor of Podiatric Medicine (D.P.M.),84,physiotherapy,online,
Dr. Jennifer Brown,Doctor of Dental Medicine (D.M.D.),87,nursing,campus,FT
Joseph Mullins,Doctor of Dental Surgery (D.D.S.),83,dentistry,campus,FT
Dustin Ramos MD,Doctor of Physical Therapy (D.P.T.),96,surgery,online,FT
Karl Baker,Doctor of Pharmacy (Pharm.D.),97,,,FT
Cassidy Freeman,Doctor of Osteopathic Medicine (D.O.),63,physiotherapy,,PT
Johnny Villa,Doctor of Chiropractic (D.C.),78,dentistry,campus,PT
Amanda Jacobs,Doctor of Physical Therapy (D.P.T.),67,dentistry,campus,
Andrew Hull,Doctor of Medicine (M.D.),85,,online,FT
Stacy Anderson,Doctor of Podiatric Medicine (D.P.M.),77,dentistry,online,FT
Gary Rice,Doctor of Optometry (O.D.),64,,online,
Jennifer Manning,Doctor of Veterinary Medicine (D.V.M.),76,physiotherapy,online,FT
John Lee,Doctor of Podiatric Medicine (D.P.M.),62,nursing,,PT
Paul Smith,Doctor of Physical Therapy (D.P.T.),98,surgery,online,PT
Howard Heath,Bachelor of Science in Nursing (B.S.N.),93,dentistry,online,FT
Duane Green,Doctor of Osteopathic Medicine (D.O.),59,dentistry,,FT
Nicole Moore,Doctor of Dental Medicine (D.M.D.),55,physiotherapy,campus,PT
Kimberly Johnson,Doctor of Podiatric Medicine (D.P.M.),92,dentistry,campus,
Beth Escobar,Doctor of Nursing Practice (D.N.P.),85,,,PT
Derek Miller,Doctor of Dental Medicine (D.M.D.),96,dentistry,online,
Olivia Oneill,Doctor of Nursing Practice (D.N.P.),98,nursing,online,
Corey Rivera,Doctor of Dental Medicine (D.M.D.),79,nursing,,PT
Wayne Rivera,Doctor of Physical Therapy (D.P.T.),77,immunology,campus,FT
Judith Huang,Doctor of Pharmacy (Pharm.D.),69,physiotherapy,campus,
Robert Lopez,Doctor of Podiatric Medicine (D.P.M.),85,,,FT
Marcus Wells,Doctor of Pharmacy (Pharm.D.),80,nutrition,online,
Kristopher Stein MD,Bachelor of Science in Biomedical Science (B.S.),60,,campus,
Valerie Smith,Doctor of Physical Therapy (D.P.T.),63,physiotherapy,,FT
Alicia Robinson,Doctor of Medicine (M.D.),63,,online,PT
Brittany Mcfarland,Doctor of Dental Medicine (D.M.D.),68,nursing,campus,
Melissa Bell,Doctor of Veterinary Medicine (D.V.M.),87,nursing,campus,PT
Claire Bautista,Doctor of Dental Surgery (D.D.S.),60,nursing,,FT
Jeffrey Nelson,Doctor of Veterinary Medicine (D.V.M.),93,,online,
Samantha Thomas,Doctor of Pharmacy (Pharm.D.),72,physiotherapy,campus,
Tammy Brown,Doctor of Chiropractic (D.C.),68,dentistry,online,
Madison Rivera,Doctor of Veterinary Medicine (D.V.M.),68,surgery,,FT
Victoria Hernandez,Doctor of Medicine (M.D.),52,immunology,,FT
Anthony Khan DVM,Doctor of Chiropractic (D.C.),62,nutrition,campus,
Anthony Phillips,Doctor of Physical Therapy (D.P.T.),81,nursing,campus,PT
Kimberly Mcdaniel,Master of Health Administration (M.H.A.),57,nursing,online,PT
Shannon Allen,Bachelor of Science in Nursing (B.S.N.),58,physiotherapy,online,FT
Morgan Garcia,Doctor of Pharmacy (Pharm.D.),59,surgery,campus,FT
Jason Bradley,Master of Public Health (M.P.H.),77,immunology,campus,FT
Deborah Schultz,Doctor of Osteopathic Medicine (D.O.),92,dentistry,,PT
Sarah Moreno,Doctor of Dental Medicine (D.M.D.),77,surgery,,FT
Helen Lynn,Doctor of Physical Therapy (D.P.T.),59,immunology,,
Thomas Simmons,Master of Public Health (M.P.H.),90,nutrition,online,FT
William Bruce,Doctor of Chiropractic (D.C.),77,surgery,,
Elizabeth Rodriguez,Master of Public Health (M.P.H.),89,nutrition,,FT
Victoria Wallace,Master of Health Administration (M.H.A.),56,surgery,campus,
Wanda Gomez,Bachelor of Science in Biomedical Science (B.S.),83,physiotherapy,campus,FT
Teresa Foley,Doctor of Chiropractic (D.C.),96,immunology,online,
Patricia Miller,Doctor of Osteopathic Medicine (D.O.),70,immunology,,PT
Michael Nichols,Doctor of Podiatric Medicine (D.P.M.),82,physiotherapy,,FT
Regina Ramsey,Doctor of Physical Therapy (D.P.T.),78,nursing,,
Anthony Dixon,Doctor of Optometry (O.D.),92,surgery,campus,PT
Craig Anthony,Bachelor of Science in Nursing (B.S.N.),64,nursing,campus,FT
Angela Crawford,Doctor of Optometry (O.D.),58,nursing,,PT
Donald Prince,Doctor of Dental Medicine (D.M.D.),83,physiotherapy,campus,PT
Margaret Smith,Doctor of Pharmacy (Pharm.D.),100,nutrition,campus,PT
Dustin Cabrera,Doctor of Chiropractic (D.C.),72,physiotherapy,,FT
Candice Green,Doctor of Medicine (M.D.),85,nutrition,campus,PT
Mary Blanchard,Doctor of Optometry (O.D.),68,physiotherapy,online,FT
Haley Cantu,Doctor of Physical Therapy (D.P.T.),77,surgery,campus,FT
Natalie Vargas,Doctor of Pharmacy (Pharm.D.),55,nursing,online,FT
Michael Liu,Doctor of Pharmacy (Pharm.D.),62,,campus,
Brandon Miller,Doctor of Veterinary Medicine (D.V.M.),98,surgery,campus,FT
Jennifer Gonzalez,Bachelor of Science in Biomedical Science (B.S.),92,nursing,campus,FT
Joseph Grant,Doctor of Dental Surgery (D.D.S.),52,physiotherapy,campus,FT
Elizabeth Hall,Doctor of Veterinary Medicine (D.V.M.),97,surgery,campus,
Suzanne Sanchez,Bachelor of Science in Nursing (B.S.N.),99,immunology,,FT
Bobby Lopez,Doctor of Dental Surgery (D.D.S.),84,nutrition,campus,
Ray Terry,Master of Public Health (M.P.H.),55,nursing,online,PT
Jeffery Webb,Doctor of Nursing Practice (D.N.P.),88,dentistry,campus,
Robert Palmer,Bachelor of Science in Nursing (B.S.N.),100,surgery,,FT
Jill Weiss,Doctor of Dental Medicine (D.M.D.),86,physiotherapy,,FT
Amber Freeman,Doctor of Medicine (M.D.),69,dentistry,campus,PT
Rebecca Spencer,Doctor of Veterinary Medicine (D.V.M.),80,immunology,campus,
Christopher Brady,Doctor of Pharmacy (Pharm.D.),86,nutrition,online,
Diana Marks,Doctor of Physical Therapy (D.P.T.),62,surgery,,
Angela Jones,Doctor of Dental Medicine (D.M.D.),65,nursing,campus,PT
Annette Bentley,Master of Health Administration (M.H.A.),81,surgery,campus,PT
Toni Hicks,Bachelor of Science in Biomedical Science (B.S.),78,physiotherapy,,
Rebecca Trujillo,Doctor of Physical Therapy (D.P.T.),74,immunology,,FT
Thomas Johnson,Doctor of Medicine (M.D.),88,,online,PT
Christine Gould,Doctor of Chiropractic (D.C.),59,surgery,online,PT
Danielle Taylor,Bachelor of Science in Biomedical Science (B.S.),54,dentistry,online,PT
Randall Brown,Doctor of Optometry (O.D.),50,surgery,online,
Dustin Baker,Bachelor of Science in Biomedical Science (B.S.),61,physiotherapy,,FT
Mrs. Amanda Wilson,Doctor of Dental Medicine (D.M.D.),99,nutrition,online,FT
Jason Vega,Bachelor of Science in Nursing (B.S.N.),86,,campus,FT
Taylor Lopez,Master of Public Health (M.P.H.),86,immunology,online,FT
Bobby Mcintyre,Bachelor of Science in Nursing (B.S.N.),97,dentistry,online,
Eric Leonard,Doctor of Chiropractic (D.C.),75,immunology,,PT
Gabriel Lane,Master of Public Health (M.P.H.),100,dentistry,,FT
Suzanne Perry,Doctor of Nursing Practice (D.N.P.),55,nutrition,online,FT
Jeffrey Clark,Bachelor of Science in Biomedical Science (B.S.),60,dentistry,,PT
Holly Scott,Doctor of Nursing Practice (D.N.P.),86,surgery,,FT
Duane Smith,Doctor of Podiatric Medicine (D.P.M.),67,nursing,online,
Kimberly Carrillo,Doctor of Nursing Practice (D.N.P.),55,surgery,campus,PT
Ronald Dickerson,Doctor of Nursing Practice (D.N.P.),55,,campus,FT
Brenda Bowers,Master of Public Health (M.P.H.),67,dentistry,online,FT
Alexis Hall,Bachelor of Science in Biomedical Science (B.S.),50,surgery,campus,FT
Jonathan Moore,Bachelor of Science in Biomedical Science (B.S.),70,physiotherapy,,PT
Kaylee Peters,Doctor of Medicine (M.D.),56,nursing,campus,
Alexandra Lopez,Doctor of Nursing Practice (D.N.P.),78,,campus,PT
Laurie Simmons,Doctor of Pharmacy (Pharm.D.),84,immunology,online,PT
Jennifer Clarke,Doctor of Podiatric Medicine (D.P.M.),84,,,FT
Christopher Holt,Doctor of Dental Surgery (D.D.S.),92,,,PT
Jack Randall,Doctor of Physical Therapy (D.P.T.),72,nursing,,PT
Briana Serrano,Master of Health Administration (M.H.A.),53,immunology,online,
Frank Rodriguez,Doctor of Nursing Practice (D.N.P.),79,dentistry,online,
Brady Collins,Doctor of Dental Medicine (D.M.D.),59,,online,FT
Jeremy Logan,Doctor of Podiatric Medicine (D.P.M.),75,surgery,online,PT
Mrs. Colleen Sanders MD,Master of Health Administration (M.H.A.),79,,campus,PT
Dennis Jones,Doctor of Nursing Practice (D.N.P.),58,immunology,,PT
Ray Carrillo,Doctor of Osteopathic Medicine (D.O.),70,,campus,
Jennifer Hayes,Doctor of Nursing Practice (D.N.P.),100,physiotherapy,campus,
John Rowe,Bachelor of Science in Nursing (B.S.N.),91,nursing,online,FT
Samantha Archer,Doctor of Veterinary Medicine (D.V.M.),87,nutrition,campus,FT
George Kelley,Bachelor of Science in Nursing (B.S.N.),95,immunology,online,
Sarah Clayton,Doctor of Medicine (M.D.),63,nutrition,campus,
Bethany Coleman,Doctor of Osteopathic Medicine (D.O.),89,,,
Stacey Ramirez,Doctor of Nursing Practice (D.N.P.),96,physiotherapy,online,FT
Bradley Brooks,Doctor of Veterinary Medicine (D.V.M.),57,nursing,campus,FT
Emily James,Master of Public Health (M.P.H.),90,nursing,,
Jennifer Harper,Doctor of Nursing Practice (D.N.P.),62,surgery,campus,FT
Joseph Ramirez,Doctor of Pharmacy (Pharm.D.),63,immunology,,
Deborah Williams,Master of Health Administration (M.H.A.),87,,,FT
Matthew Tate,Doctor of Optometry (O.D.),57,nutrition,,PT
Douglas Newman,Doctor of Nursing Practice (D.N.P.),91,surgery,campus,PT
Rebecca Jackson,Doctor of Optometry (O.D.),53,immunology,online,FT
Eric Frost Jr.,Master of Health Administration (M.H.A.),52,physiotherapy,online,
Rachel English,Doctor of Optometry (O.D.),77,dentistry,online,PT
Janet Sanchez,Doctor of Osteopathic Medicine (D.O.),90,nursing,,PT
Amy Robertson,Bachelor of Science in Biomedical Science (B.S.),93,nursing,campus,FT
Kathryn Edwards,Doctor of Osteopathic Medicine (D.O.),90,,campus,
Dr. Christine Higgins,Master of Public Health (M.P.H.),53,immunology,campus,FT
Kristin Houston,Doctor of Chiropractic (D.C.),53,nursing,campus,
Christine Price,Doctor of Veterinary Medicine (D.V.M.),61,dentistry,online,
Ryan Roberts,Doctor of Veterinary Medicine (D.V.M.),71,surgery,campus,PT
Dillon Harris,Master of Health Administration (M.H.A.),91,immunology,campus,FT
Tina Cervantes,Doctor of Dental Surgery (D.D.S.),54,physiotherapy,online,FT
Margaret Lopez,Doctor of Veterinary Medicine (D.V.M.),52,immunology,online,FT
Timothy Smith,Doctor of Dental Medicine (D.M.D.),69,immunology,campus,FT
Eileen Harris,Master of Public Health (M.P.H.),67,surgery,campus,PT
Donna Alvarez,Doctor of Medicine (M.D.),54,physiotherapy,online,FT
Mark Miller,Doctor of Veterinary Medicine (D.V.M.),97,dentistry,,PT
Carla Arnold,Doctor of Osteopathic Medicine (D.O.),79,immunology,,PT
Dawn Mckee MD,Doctor of Optometry (O.D.),71,,campus,PT
Jessica Blake,Doctor of Veterinary Medicine (D.V.M.),65,surgery,online,PT
Steve Smith,Bachelor of Science in Nursing (B.S.N.),97,nursing,online,FT
Christy Miller,Doctor of Osteopathic Medicine (D.O.),84,,campus,FT
Samantha White,Doctor of Optometry (O.D.),93,physiotherapy,online,PT
Lisa Klein,Doctor of Podiatric Medicine (D.P.M.),78,nursing,campus,PT
Steven Choi,Doctor of Optometry (O.D.),58,,,FT
Crystal Garcia,Doctor of Chiropractic (D.C.),72,dentistry,online,PT
Robert Smith,Doctor of Physical Therapy (D.P.T.),75,surgery,online,
Dana Haley,Doctor of Osteopathic Medicine (D.O.),66,dentistry,campus,PT
Derek Caldwell,Bachelor of Science in Biomedical Science (B.S.),53,dentistry,online,
Chad Ramirez,Doctor of Podiatric Medicine (D.P.M.),64,physiotherapy,campus,
Nicholas Vasquez,Doctor of Dental Medicine (D.M.D.),81,immunology,campus,PT
Paul Castillo,Doctor of Optometry (O.D.),67,nutrition,campus,FT
Tracy Walker,Doctor of Dental Medicine (D.M.D.),96,immunology,online,
Jonathan Harris,Doctor of Medicine (M.D.),89,surgery,online,PT
Rebekah Moore,Doctor of Nursing Practice (D.N.P.),90,nursing,campus,PT
Heidi Dillon,Doctor of Veterinary Medicine (D.V.M.),97,,online,FT
Linda Vasquez,Doctor of Veterinary Medicine (D.V.M.),76,dentistry,online,FT
John Landry,Master of Health Administration (M.H.A.),93,surgery,campus,FT
Maria Peck,Bachelor of Science in Nursing (B.S.N.),80,immunology,online,
Thomas Johnson,Bachelor of Science in Nursing (B.S.N.),57,surgery,online,PT
Jeffrey Holland,Bachelor of Science in Nursing (B.S.N.),89,immunology,campus,FT
Wanda Stewart,Doctor of Osteopathic Medicine (D.O.),60,immunology,online,FT
Lisa Fox,Master of Health Administration (M.H.A.),76,nursing,,FT
Christopher Rodgers,Doctor of Dental Medicine (D.M.D.),99,nutrition,campus,FT
Jason Jones,Doctor of Physical Therapy (D.P.T.),100,nursing,,FT
Angela Perez,Doctor of Pharmacy (Pharm.D.),96,immunology,,FT
Christina Mitchell,Master of Health Administration (M.H.A.),51,physiotherapy,campus,FT
Cynthia Smith,Doctor of Nursing Practice (D.N.P.),96,nursing,campus,
Kimberly Le,Doctor of Optometry (O.D.),92,nursing,online,PT
Ryan Humphrey,Doctor of Chiropractic (D.C.),92,nutrition,online,FT
Ryan Young,Doctor of Medicine (M.D.),82,,,PT
Kelly White,Master of Health Administration (M.H.A.),93,surgery,campus,PT
Jacob Peterson,Bachelor of Science in Nursing (B.S.N.),53,nutrition,online,
Tyler Johnson,Doctor of Optometry (O.D.),61,immunology,,PT
Timothy Miranda,Doctor of Dental Medicine (D.M.D.),84,nursing,online,FT
Jennifer Wolf,Doctor of Veterinary Medicine (D.V.M.),60,nursing,,FT
Gabrielle Hall,Doctor of Physical Therapy (D.P.T.),92,physiotherapy,online,FT
Alexandra Preston,Bachelor of Science in Nursing (B.S.N.),66,nursing,,FT
Wendy Nguyen,Doctor of Osteopathic Medicine (D.O.),51,,,
Victor Holland,Master of Health Administration (M.H.A.),69,physiotherapy,,FT
Eric Knight,Doctor of Nursing Practice (D.N.P.),74,immunology,campus,PT
Leslie Watts,Doctor of Podiatric Medicine (D.P.M.),62,physiotherapy,,
Christine Porter,Master of Health Administration (M.H.A.),68,physiotherapy,campus,FT
Anita Ramirez,Doctor of Osteopathic Medicine (D.O.),53,nutrition,,FT
Nathan Jackson,Doctor of Podiatric Medicine (D.P.M.),80,immunology,online,FT
Peter Lee,Bachelor of Science in Biomedical Science (B.S.),64,surgery,online,
Robert Ford,Master of Health Administration (M.H.A.),53,surgery,,
Stephanie Bridges,Doctor of Optometry (O.D.),63,nutrition,,
Darius Wolfe,Bachelor of Science in Nursing (B.S.N.),88,physiotherapy,,
Jamie Maldonado,Doctor of Chiropractic (D.C.),86,dentistry,,FT
Martin Benson,Doctor of Dental Surgery (D.D.S.),86,physiotherapy,campus,FT
Wendy Jordan,Doctor of Dental Medicine (D.M.D.),53,nutrition,online,FT
Carrie Pena,Doctor of Podiatric Medicine (D.P.M.),76,,,
Patricia Stafford,Master of Public Health (M.P.H.),89,physiotherapy,online,
Ms. Stephanie Crosby,Doctor of Physical Therapy (D.P.T.),61,dentistry,,
Lisa Alvarado,Doctor of Chiropractic (D.C.),93,immunology,,PT
Stacey Vasquez,Master of Health Administration (M.H.A.),72,physiotherapy,,PT
Kelsey Harrison,Master of Public Health (M.P.H.),87,dentistry,online,
Jacob Dalton,Bachelor of Science in Nursing (B.S.N.),69,surgery,campus,PT
Michael Smith,Master of Public Health (M.P.H.),87,immunology,,FT
Jessica Lopez,Doctor of Medicine (M.D.),92,surgery,,FT
Laura Mercado,Doctor of Chiropractic (D.C.),55,nutrition,campus,
Sharon Miller,Doctor of Veterinary Medicine (D.V.M.),81,physiotherapy,online,
Melanie Peterson,Doctor of Pharmacy (Pharm.D.),81,surgery,campus,FT
Samantha Payne,Doctor of Dental Medicine (D.M.D.),70,,,FT
Jonathan Walker,Doctor of Dental Medicine (D.M.D.),79,,campus,PT
Deanna Richardson,Doctor of Optometry (O.D.),54,surgery,online,
Maria Guzman,Doctor of Dental Medicine (D.M.D.),53,nutrition,online,
Tracy Martinez,Doctor of Chiropractic (D.C.),100,nursing,campus,FT
Heather Holloway,Bachelor of Science in Nursing (B.S.N.),82,nursing,campus,
Steven Whitney,Doctor of Veterinary Medicine (D.V.M.),99,,campus,
Scott Garcia,Doctor of Osteopathic Medicine (D.O.),66,nursing,online,
Joann Franklin,Doctor of Dental Medicine (D.M.D.),84,surgery,online,PT
Jennifer Williams,Doctor of Optometry (O.D.),78,physiotherapy,online,
Jaclyn Gonzalez,Master of Public Health (M.P.H.),100,immunology,campus,
Ian Hill,Bachelor of Science in Nursing (B.S.N.),66,surgery,campus,
Joseph Mack,Doctor of Dental Surgery (D.D.S.),72,dentistry,campus,FT
Amber Hess,Doctor of Veterinary Medicine (D.V.M.),69,physiotherapy,,FT
Ashley Moore,Bachelor of Science in Biomedical Science (B.S.),88,physiotherapy,online,PT
Jennifer Howard,Master of Health Administration (M.H.A.),56,dentistry,campus,
Mark Buchanan,Doctor of Nursing Practice (D.N.P.),60,dentistry,,FT
Daniel Hall,Doctor of Podiatric Medicine (D.P.M.),92,dentistry,online,
Luis Richardson,Bachelor of Science in Nursing (B.S.N.),59,physiotherapy,online,PT
Keith Santos,Doctor of Osteopathic Medicine (D.O.),94,,online,PT
Douglas Taylor,Doctor of Dental Medicine (D.M.D.),89,surgery,campus,
Marvin Higgins,Bachelor of Science in Biomedical Science (B.S.),85,nursing,,FT
Kathryn Caldwell,Doctor of Chiropractic (D.C.),100,physiotherapy,campus,
Laura Hanson,Doctor of Nursing Practice (D.N.P.),55,surgery,campus,FT
Kathleen Peters,Doctor of Chiropractic (D.C.),90,dentistry,,PT
Jack Hull,Doctor of Dental Surgery (D.D.S.),60,physiotherapy,,FT
Virginia Allen,Doctor of Nursing Practice (D.N.P.),59,immunology,online,
Matthew Cervantes,Doctor of Dental Surgery (D.D.S.),88,nursing,online,FT
Sally Lee,Bachelor of Science in Nursing (B.S.N.),87,nutrition,campus,FT
Laura Marshall,Bachelor of Science in Nursing (B.S.N.),51,,campus,PT
Richard Richardson,Doctor of Dental Surgery (D.D.S.),92,dentistry,online,PT
Daniel Turner,Doctor of Physical Therapy (D.P.T.),99,physiotherapy,online,
Amy Evans,Master of Health Administration (M.H.A.),73,dentistry,online,FT
Tiffany Santiago,Master of Health Administration (M.H.A.),66,nursing,,PT
Edward Perkins,Doctor of Podiatric Medicine (D.P.M.),92,surgery,,PT
Dr. Kathleen Miller DVM,Doctor of Dental Surgery (D.D.S.),98,nutrition,online,FT
Derrick Sanchez,Bachelor of Science in Biomedical Science (B.S.),54,nutrition,campus,
Dalton Taylor,Doctor of Chiropractic (D.C.),96,dentistry,campus,
Elizabeth Tanner,Doctor of Osteopathic Medicine (D.O.),91,nursing,,FT
Ann Robles,Doctor of Medicine (M.D.),54,nutrition,online,PT
Amber Daniels,Doctor of Nursing Practice (D.N.P.),65,nutrition,online,
Crystal Cortez,Bachelor of Science in Nursing (B.S.N.),88,nutrition,campus,FT
Christopher Ryan,Doctor of Nursing Practice (D.N.P.),60,nutrition,campus,
Kelsey Wilson,Doctor of Osteopathic Medicine (D.O.),85,,,FT
James Burch,Doctor of Osteopathic Medicine (D.O.),60,,campus,FT
David Li,Doctor of Pharmacy (Pharm.D.),55,nutrition,online,
Bridget Robbins,Doctor of Pharmacy (Pharm.D.),85,physiotherapy,campus,
Jacob Smith,Doctor of Osteopathic Medicine (D.O.),60,dentistry,,
Christopher Owens,Doctor of Podiatric Medicine (D.P.M.),50,immunology,,
Courtney Robinson,Doctor of Podiatric Medicine (D.P.M.),58,dentistry,campus,
Michael Lucas,Doctor of Medicine (M.D.),85,nutrition,,
Michael Bowen,Doctor of Physical Therapy (D.P.T.),75,nutrition,campus,PT
James Hanson,Doctor of Veterinary Medicine (D.V.M.),65,surgery,,PT
Jessica Aguilar,Master of Public Health (M.P.H.),91,nursing,campus,PT
Alexander Morales,Doctor of Medicine (M.D.),81,physiotherapy,campus,FT
James Sloan,Doctor of Podiatric Medicine (D.P.M.),92,nutrition,campus,FT
Virginia Chavez,Doctor of Podiatric Medicine (D.P.M.),82,immunology,online,FT
Samantha Brown,Doctor of Osteopathic Medicine (D.O.),57,nutrition,,FT
Maria Summers,Doctor of Dental Surgery (D.D.S.),89,surgery,online,FT
Patrick Reid,Doctor of Osteopathic Medicine (D.O.),74,surgery,,PT
Erin Macdonald,Bachelor of Science in Nursing (B.S.N.),59,nutrition,campus,
Carol Medina,Doctor of Pharmacy (Pharm.D.),73,,campus,
Carl Henry,Doctor of Medicine (M.D.),94,nursing,campus,FT
Rebecca Moreno,Doctor of Pharmacy (Pharm.D.),84,surgery,,FT
Laura Delacruz,Doctor of Dental Surgery (D.D.S.),73,dentistry,campus,
Donna Johnson,Doctor of Osteopathic Medicine (D.O.),72,,online,PT
Margaret Scott,Doctor of Osteopathic Medicine (D.O.),86,physiotherapy,,PT
Ryan Turner,Doctor of Nursing Practice (D.N.P.),76,nutrition,,PT
Erik Sullivan,Doctor of Dental Medicine (D.M.D.),84,nutrition,online,PT
Alyssa West,Doctor of Podiatric Medicine (D.P.M.),52,physiotherapy,,PT
Christopher Phillips DDS,Doctor of Pharmacy (Pharm.D.),77,,,FT
Ryan Haynes,Doctor of Podiatric Medicine (D.P.M.),77,surgery,campus,FT
Katrina Collins,Doctor of Dental Surgery (D.D.S.),75,physiotherapy,campus,PT
Jeremy Nunez,Doctor of Chiropractic (D.C.),50,immunology,campus,FT
Wyatt Livingston,Master of Health Administration (M.H.A.),76,nursing,campus,
Dr. Ruben Wilson,Bachelor of Science in Nursing (B.S.N.),76,nutrition,online,
Courtney Williams,Master of Public Health (M.P.H.),60,,campus,
Melissa Alvarez,Master of Public Health (M.P.H.),97,physiotherapy,online,PT
Corey Hernandez,Doctor of Physical Therapy (D.P.T.),80,nursing,campus,
Susan King,Master of Public Health (M.P.H.),93,physiotherapy,online,PT
Denise Peterson,Doctor of Dental Surgery (D.D.S.),91,nutrition,online,
Abigail Taylor,Doctor of Pharmacy (Pharm.D.),52,surgery,online,
Daniel Phillips,Doctor of Podiatric Medicine (D.P.M.),53,physiotherapy,,
Danny Orr,Doctor of Osteopathic Medicine (D.O.),56,physiotherapy,,
Matthew Little,Doctor of Nursing Practice (D.N.P.),94,immunology,campus,PT
Tyler Pena,Master of Public Health (M.P.H.),71,physiotherapy,campus,FT
Sharon Cruz,Doctor of Dental Surgery (D.D.S.),75,immunology,campus,FT
Elizabeth King,Doctor of Chiropractic (D.C.),52,nutrition,campus,FT
Carrie Bridges,Doctor of Dental Surgery (D.D.S.),58,immunology,online,PT
Christopher Gonzalez,Bachelor of Science in Nursing (B.S.N.),72,dentistry,,
Jonathan Randolph,Doctor of Nursing Practice (D.N.P.),86,immunology,campus,
Katrina Spencer,Doctor of Osteopathic Medicine (D.O.),83,nursing,online,PT
Steve Lee,Doctor of Dental Surgery (D.D.S.),99,physiotherapy,campus,FT
Miguel Gamble,Doctor of Dental Surgery (D.D.S.),69,surgery,online,FT
Brandon Hughes,Doctor of Medicine (M.D.),89,physiotherapy,online,FT
John Cunningham,Doctor of Podiatric Medicine (D.P.M.),98,surgery,,
Kristi Castaneda,Master of Public Health (M.P.H.),99,,online,FT
Allison Horne,Doctor of Nursing Practice (D.N.P.),86,immunology,,FT
William Powell,Doctor of Podiatric Medicine (D.P.M.),84,immunology,,FT
Vincent Sullivan,Doctor of Chiropractic (D.C.),83,dentistry,,FT
David Russell,Doctor of Nursing Practice (D.N.P.),65,physiotherapy,campus,FT
Michael Bailey,Doctor of Optometry (O.D.),80,nursing,,PT
James Weaver PhD,Doctor of Nursing Practice (D.N.P.),92,physiotherapy,online,FT
Kevin Williams,Doctor of Pharmacy (Pharm.D.),80,physiotherapy,online,FT
Christine Perkins,Doctor of Pharmacy (Pharm.D.),90,physiotherapy,,FT
Jake Joseph,Doctor of Dental Medicine (D.M.D.),82,dentistry,online,FT
Andrea Smith,Doctor of Podiatric Medicine (D.P.M.),71,surgery,,
Alexander Brown,Master of Health Administration (M.H.A.),64,surgery,,PT
Lori Wagner,Doctor of Dental Medicine (D.M.D.),59,surgery,online,FT
Nicholas Collier,Doctor of Dental Surgery (D.D.S.),91,immunology,,
Nicholas Miller,Doctor of Podiatric Medicine (D.P.M.),91,nursing,online,
Douglas Hernandez,Doctor of Veterinary Medicine (D.V.M.),74,surgery,campus,FT
Sandra Moore,Bachelor of Science in Nursing (B.S.N.),52,physiotherapy,,
Ashley Jackson,Doctor of Nursing Practice (D.N.P.),84,surgery,online,FT
Veronica Kline,Master of Public Health (M.P.H.),54,nutrition,campus,FT
David Beard,Doctor of Dental Surgery (D.D.S.),73,,online,PT
Duane Hoffman,Doctor of Dental Surgery (D.D.S.),53,nutrition,,PT
Walter Brown,Doctor of Optometry (O.D.),80,immunology,online,PT
Hannah Sampson,Master of Health Administration (M.H.A.),79,dentistry,campus,
Desiree Wright,Doctor of Dental Medicine (D.M.D.),85,surgery,,
Daniel Sheppard,Doctor of Dental Medicine (D.M.D.),79,nutrition,online,PT
Victoria Hanson,Doctor of Veterinary Medicine (D.V.M.),61,nutrition,,PT
Michael Williams,Master of Health Administration (M.H.A.),95,nursing,campus,PT
Allen Dunn,Doctor of Chiropractic (D.C.),55,immunology,,PT
Jeffery Parker,Doctor of Physical Therapy (D.P.T.),59,,campus,PT
Sandra Wilson,Master of Health Administration (M.H.A.),89,,campus,FT
Carol Gallagher,Doctor of Osteopathic Medicine (D.O.),92,immunology,,PT
Michael Turner,Doctor of Dental Medicine (D.M.D.),97,nutrition,online,FT
Ryan Patrick,Doctor of Veterinary Medicine (D.V.M.),50,surgery,online,
Adam Wagner,Doctor of Chiropractic (D.C.),53,nursing,online,PT
Nathaniel Cruz,Doctor of Medicine (M.D.),66,surgery,online,
Jason Wiggins DVM,Doctor of Dental Medicine (D.M.D.),71,nutrition,campus,FT
Rachel Freeman,Doctor of Medicine (M.D.),60,dentistry,online,PT
Destiny Banks,Doctor of Chiropractic (D.C.),69,physiotherapy,campus,PT
Michael Charles,Doctor of Pharmacy (Pharm.D.),60,nursing,campus,PT
Matthew Townsend,Doctor of Physical Therapy (D.P.T.),53,immunology,online,
Stephen Watson,Doctor of Nursing Practice (D.N.P.),99,surgery,campus,
Robert Simon,Doctor of Medicine (M.D.),98,immunology,online,FT
James Gregory,Doctor of Podiatric Medicine (D.P.M.),51,dentistry,campus,FT
Bethany Robertson,Doctor of Chiropractic (D.C.),64,immunology,campus,FT
Amanda Suarez,Doctor of Chiropractic (D.C.),58,surgery,,FT
Trevor Maxwell,Master of Health Administration (M.H.A.),53,physiotherapy,,PT
Misty Molina,Doctor of Chiropractic (D.C.),69,immunology,online,PT
Pamela Sellers,Doctor of Optometry (O.D.),95,nutrition,online,FT
Daniel Davis,Doctor of Nursing Practice (D.N.P.),87,dentistry,,FT
Elizabeth Daugherty,Doctor of Chiropractic (D.C.),59,,,PT
Tina Young,Doctor of Podiatric Medicine (D.P.M.),68,immunology,,PT
Jeremy Weber,Doctor of Dental Medicine (D.M.D.),64,,online,
Frederick Hale,Doctor of Nursing Practice (D.N.P.),50,surgery,online,FT
Richard Williams,Doctor of Osteopathic Medicine (D.O.),68,nursing,,
Jacob Benitez,Doctor of Medicine (M.D.),95,physiotherapy,,FT
Jenny Harris,Doctor of Physical Therapy (D.P.T.),86,surgery,campus,
Bryan Browning,Doctor of Dental Surgery (D.D.S.),99,dentistry,,PT
Christine Jackson,Doctor of Pharmacy (Pharm.D.),97,immunology,online,
Shirley Mckenzie,Doctor of Veterinary Medicine (D.V.M.),93,nutrition,,FT
John Jenkins,Doctor of Optometry (O.D.),98,nutrition,,
Denise Gonzalez,Doctor of Veterinary Medicine (D.V.M.),88,,,PT
Michael Henderson,Doctor of Pharmacy (Pharm.D.),75,,campus,
Mr. Bryan Alexander,Doctor of Dental Medicine (D.M.D.),81,nutrition,campus,FT
Mark Alexander,Doctor of Optometry (O.D.),98,,online,FT
Sean Rice,Master of Public Health (M.P.H.),65,immunology,campus,
Robert Callahan,Doctor of Nursing Practice (D.N.P.),65,surgery,,PT
Tyler Mason,Doctor of Chiropractic (D.C.),96,nutrition,campus,
Matthew Wilson,Doctor of Podiatric Medicine (D.P.M.),65,immunology,,FT
Maria Myers,Master of Health Administration (M.H.A.),60,nutrition,campus,
Tonya Gardner,Doctor of Osteopathic Medicine (D.O.),53,surgery,campus,
Rebecca Richardson,Doctor of Osteopathic Medicine (D.O.),70,,online,FT
Vanessa Young,Doctor of Physical Therapy (D.P.T.),73,physiotherapy,,PT
Susan Chang,Doctor of Nursing Practice (D.N.P.),73,immunology,online,PT
Jesus Weeks,Doctor of Dental Surgery (D.D.S.),56,dentistry,,PT
Joseph Smith,Doctor of Physical Therapy (D.P.T.),66,nursing,online,
Ashley Duncan,Doctor of Dental Medicine (D.M.D.),58,dentistry,,PT
Veronica Frost,Doctor of Veterinary Medicine (D.V.M.),73,nutrition,online,FT
Michele Jordan,Doctor of Veterinary Medicine (D.V.M.),96,nutrition,online,FT
Linda Nelson,Doctor of Dental Surgery (D.D.S.),76,immunology,online,PT
James Wright,Doctor of Chiropractic (D.C.),58,physiotherapy,campus,FT
Donna Harrison,Doctor of Medicine (M.D.),82,immunology,,PT
Rachael Greer,Doctor of Pharmacy (Pharm.D.),73,physiotherapy,,FT
John Parker,Doctor of Nursing Practice (D.N.P.),100,immunology,online,FT
Lisa Payne,Doctor of Dental Surgery (D.D.S.),68,surgery,online,FT
Dr. Henry Frey,Bachelor of Science in Biomedical Science (B.S.),52,,online,FT
Jennifer Duncan,Doctor of Osteopathic Medicine (D.O.),83,nursing,campus,
Marie Smith,Doctor of Physical Therapy (D.P.T.),91,nutrition,campus,PT
Shannon Mccann,Doctor of Medicine (M.D.),53,surgery,campus,
Matthew Brown,Master of Public Health (M.P.H.),59,nutrition,online,
Gregory Sanchez,Master of Health Administration (M.H.A.),72,surgery,online,PT
Sarah Parker,Doctor of Dental Surgery (D.D.S.),73,,campus,
Katherine Wells,Doctor of Physical Therapy (D.P.T.),71,nursing,,PT
Kathleen Johnson,Doctor of Dental Surgery (D.D.S.),84,,online,FT
Mary Short MD,Doctor of Physical Therapy (D.P.T.),83,dentistry,,PT
Amanda Mueller,Doctor of Optometry (O.D.),65,nursing,campus,FT
Connie Gutierrez,Doctor of Chiropractic (D.C.),93,surgery,campus,PT
Cody Grimes,Doctor of Veterinary Medicine (D.V.M.),97,immunology,,PT
Patricia Davis,Doctor of Osteopathic Medicine (D.O.),74,nursing,online,
Alyssa Rose,Doctor of Nursing Practice (D.N.P.),69,nutrition,campus,FT
Jennifer Odonnell,Doctor of Medicine (M.D.),66,nursing,,PT
Joseph Hart,Bachelor of Science in Nursing (B.S.N.),51,nutrition,campus,PT
Christine Mcknight,Master of Health Administration (M.H.A.),72,immunology,campus,
Olivia Graham,Bachelor of Science in Biomedical Science (B.S.),54,,online,PT
Nathan Robbins,Doctor of Dental Surgery (D.D.S.),68,nutrition,,PT
Jean Hunter,Doctor of Dental Surgery (D.D.S.),93,dentistry,,FT
William Cobb,Doctor of Medicine (M.D.),59,,,FT
Jason Hess,Doctor of Pharmacy (Pharm.D.),63,,online,FT
Shannon Powell,Doctor of Medicine (M.D.),50,,,
Julie Jackson,Doctor of Dental Medicine (D.M.D.),55,nursing,online,FT
Richard Simmons,Doctor of Physical Therapy (D.P.T.),87,,,PT
Joseph Franklin,Doctor of Physical Therapy (D.P.T.),86,physiotherapy,campus,PT
Holly Silva,Master of Public Health (M.P.H.),88,immunology,campus,
Leah Ellis,Bachelor of Science in Nursing (B.S.N.),77,nursing,online,FT
Jennifer Ritter,Master of Public Health (M.P.H.),71,dentistry,,PT
Penny Mcconnell,Bachelor of Science in Biomedical Science (B.S.),72,nutrition,,FT
Scott Smith,Doctor of Pharmacy (Pharm.D.),51,,campus,FT
David Perez,Bachelor of Science in Nursing (B.S.N.),85,dentistry,online,
Amy Ware,Bachelor of Science in Nursing (B.S.N.),51,dentistry,,PT
Michael Deleon,Doctor of Dental Surgery (D.D.S.),68,nutrition,online,
Makayla Hayes,Doctor of Nursing Practice (D.N.P.),53,surgery,,PT
Chad Brown,Master of Health Administration (M.H.A.),100,nursing,online,PT
Janet Ingram,Doctor of Physical Therapy (D.P.T.),75,dentistry,campus,FT
Alan Carrillo,Bachelor of Science in Biomedical Science (B.S.),92,nutrition,,PT
Amy Henry,Bachelor of Science in Biomedical Science (B.S.),72,physiotherapy,,
John Johnson,Doctor of Physical Therapy (D.P.T.),62,nursing,online,PT
Cory Salazar,Doctor of Dental Medicine (D.M.D.),60,immunology,campus,FT
Kristen Walker,Doctor of Pharmacy (Pharm.D.),71,dentistry,,PT
Chris Collins,Bachelor of Science in Biomedical Science (B.S.),63,nursing,,PT
Yvonne Salinas,Master of Health Administration (M.H.A.),90,nutrition,campus,PT
Timothy Brown,Doctor of Podiatric Medicine (D.P.M.),79,immunology,,FT
Kyle Clark,Doctor of Veterinary Medicine (D.V.M.),61,dentistry,online,FT
Deborah Clark,Doctor of Podiatric Medicine (D.P.M.),70,nutrition,online,
Robert Perez,Bachelor of Science in Nursing (B.S.N.),50,nursing,campus,
Joshua Douglas,Doctor of Physical Therapy (D.P.T.),78,immunology,campus,FT
David Garcia,Doctor of Podiatric Medicine (D.P.M.),99,,campus,FT
Eduardo Hall,Doctor of Dental Surgery (D.D.S.),65,,,FT
Mark Bray,Doctor of Chiropractic (D.C.),52,nursing,,FT
Craig Jones,Bachelor of Science in Biomedical Science (B.S.),73,physiotherapy,online,FT
Mark Jimenez,Doctor of Osteopathic Medicine (D.O.),56,physiotherapy,online,FT
Anita Jones,Doctor of Medicine (M.D.),74,immunology,campus,FT
Austin Snyder,Doctor of Chiropractic (D.C.),77,nutrition,,
Travis Murphy,Doctor of Osteopathic Medicine (D.O.),93,nutrition,campus,FT
Erin Wilson,Doctor of Nursing Practice (D.N.P.),67,surgery,,
Jessica Miller,Doctor of Dental Surgery (D.D.S.),92,,online,
Emily Sanders,Doctor of Osteopathic Medicine (D.O.),69,physiotherapy,online,
Matthew Santiago,Doctor of Pharmacy (Pharm.D.),92,surgery,online,FT
Michael Moore,Master of Health Administration (M.H.A.),99,immunology,online,FT
Robert White,Master of Health Administration (M.H.A.),86,surgery,,PT
Donald Myers,Bachelor of Science in Nursing (B.S.N.),56,dentistry,online,FT
Carla Turner,Doctor of Chiropractic (D.C.),53,physiotherapy,,FT
Michael Hall,Doctor of Pharmacy (Pharm.D.),92,,online,FT
Kent Garcia,Bachelor of Science in Nursing (B.S.N.),51,physiotherapy,online,FT
Sheila Reed,Doctor of Osteopathic Medicine (D.O.),60,physiotherapy,,
Melissa Cole,Doctor of Nursing Practice (D.N.P.),66,physiotherapy,,
Johnathan Fry,Master of Health Administration (M.H.A.),92,nutrition,campus,PT
Gregory Norton,Master of Public Health (M.P.H.),86,nutrition,,PT
Jeanne Chandler,Doctor of Nursing Practice (D.N.P.),78,surgery,,PT
Cassandra Cox,Doctor of Osteopathic Medicine (D.O.),94,immunology,online,
Tammy Ochoa,Doctor of Dental Surgery (D.D.S.),69,immunology,online,
Donna Hall,Doctor of Pharmacy (Pharm.D.),72,physiotherapy,campus,PT
Laura Baxter,Doctor of Pharmacy (Pharm.D.),71,nursing,campus,FT
Charles Hughes,Doctor of Osteopathic Medicine (D.O.),92,physiotherapy,,
Jessica White,Master of Health Administration (M.H.A.),86,,,FT
Drew Brown,Bachelor of Science in Biomedical Science (B.S.),73,immunology,online,
